date,news-economic,news-flee,news-food,news-health,news-physical,news-political,trends-economic,trends-physical,trends-political,trends-travel,trends-health,trends-food,buzz-economic,buzz-flee,buzz-food,buzz-health,buzz-physical,buzz-political,events-Events,events-FATALITIES,gdelt-Negative Tone,gdelt-Positive Tone
2022-02-01,2.623249290397901,0.7781512503836436,1.6812412373755872,1.8573324964312685,3.6724673130680823,3.526339277389844,61.48744946853439,122.04805572832964,121.38472904196199,14.465336071133281,34.728206840414984,42.99656860428178,0.0,0.0,0.0,0.0,1.8195439355418688,0.3010299956639812,2.741939077729199,0.0,93194.08765865695,7013.016565624645
2022-02-02,0.3010299956639812,0.0,0.47712125471966244,1.0791812460476249,1.380211241711606,1.5563025007672873,60.2540589751287,123.49443042267396,123.83586428983966,15.148162544908088,34.59274983449346,45.0830051850449,0.0,0.0,0.0,0.0,0.47712125471966244,0.0,2.1583624920952498,0.0,80916.95046319418,5895.703791061856
2022-02-03,2.3802112417116064,0.3010299956639812,1.3802112417116061,1.5051499783199058,3.212720154417842,3.3246939138617746,61.113386718886595,125.42147385691183,121.4246857805249,15.889268997592309,36.73094321933859,43.34465418357044,0.0,0.0,0.0,0.0,0.3010299956639812,0.0,1.7558748556724912,0.0,62004.154809988184,9380.343960798751
2022-02-04,0.3010299956639812,0.0,0.3010299956639812,0.3010299956639812,1.0791812460476249,1.2041199826559248,58.23351176282556,120.6820905702163,96.38137453234076,16.9726462671023,36.101470055323816,39.88752242568531,0.6020599913279624,0.0,0.3010299956639812,0.0,1.3222192947339193,0.0,2.204119982655925,0.0,52104.9009544048,6278.608575979254
2022-02-05,0.3010299956639812,0.0,0.3010299956639812,0.3010299956639812,0.7781512503836436,0.7781512503836436,53.88489340137808,121.21177858829677,76.80396703676364,16.890556141102067,34.30096904874563,39.26354590944039,0.0,0.0,0.0,0.0,0.0,0.0,1.7481880270062005,0.0,27815.394172507553,2671.0073091869435
2022-02-06,1.2041199826559248,0.0,0.9030899869919435,1.2041199826559248,1.4471580313422192,1.4471580313422192,55.93973094913912,124.16182777343907,110.11306480574075,16.581280823162032,34.74697968138006,43.315390069282955,0.3010299956639812,0.0,0.0,0.0,1.3010299956639813,0.0,1.9637878273455553,0.6989700043360189,33858.40150478078,1108.4161679430856
2022-02-07,1.3010299956639813,0.3010299956639812,0.3010299956639812,1.0791812460476249,2.3010299956639813,2.3802112417116064,59.302615130886466,129.24511311772466,129.9808277430362,16.489526736854327,35.70313068389602,44.45053554104415,0.0,0.0,0.0,0.0,0.3010299956639812,0.3010299956639812,2.546542663478131,0.0,59903.07729042614,3074.5712853810373
2022-02-08,2.2833012287035497,0.3010299956639812,1.1760912590556813,1.7481880270062005,3.0934216851622347,3.1205739312058496,57.74412751983377,130.5121915225176,136.04548600624727,16.245265267247866,34.8462113456019,46.01727585931458,0.0,0.0,0.0,0.0,0.47712125471966244,0.6020599913279624,1.8692317197309762,0.0,62424.724968887465,6578.239098547466
2022-02-09,1.0791812460476249,0.0,0.3010299956639812,0.0,1.3010299956639813,1.3010299956639813,57.26862590202944,124.38801535004683,135.76237400455045,16.061074616935606,33.986661643982266,45.78191090461264,0.0,0.0,0.47712125471966244,0.0,2.635483746814912,0.6020599913279624,1.462397997898956,0.0,50166.88842051436,6945.5730975893575
2022-02-10,1.255272505103306,0.0,0.6020599913279624,0.47712125471966244,1.1760912590556813,1.6812412373755872,54.92081785379639,120.77316923340965,127.99290959211436,15.461420492452433,31.622545648663973,42.685444837852046,0.0,0.0,0.3010299956639812,0.47712125471966244,2.401400540781544,0.6020599913279624,2.6394864892685863,0.0,55476.195919781116,4177.467197130531
2022-02-11,0.9030899869919435,0.0,0.3010299956639812,0.3010299956639812,1.4471580313422192,1.380211241711606,51.854175352434055,116.77489064047552,106.95773105992727,16.094772610614008,29.18275378285286,38.34469306786411,0.0,0.0,0.0,0.0,1.2041199826559248,0.47712125471966244,2.1398790864012365,0.0,89823.3205744433,5524.357295922419
2022-02-12,2.079181246047625,0.8450980400142568,1.0791812460476249,0.6020599913279624,2.1931245983544616,2.225309281725863,46.55327709203608,115.26791779710291,81.13660652713747,16.349731529689464,23.872562488268212,34.45124992239937,0.0,0.6989700043360189,0.0,0.0,0.0,0.7781512503836436,2.0211892990699383,0.0,103467.03310445945,2467.582144282575
2022-02-13,1.591064607026499,0.6020599913279624,1.0791812460476247,0.3010299956639812,2.255272505103306,2.4983105537896004,50.76787503580292,126.6163997884111,108.68729640520866,17.509423006410692,25.781840104744482,37.505219812605844,0.3010299956639812,0.3010299956639812,0.0,0.0,2.760422483423212,1.6020599913279625,1.6812412373755872,0.0,108692.18060631608,3184.7096791009462
2022-02-14,1.0791812460476249,0.0,0.7781512503836436,0.0,1.6812412373755872,1.505149978319906,50.10263334708213,123.27732749836527,136.3531408210428,16.671688623602662,28.76398806462528,37.086676079750255,0.0,0.0,0.0,0.0,2.510545010206612,2.12057393120585,2.7075701760979363,0.0,118727.51880612489,6482.402371999862
2022-02-15,0.7781512503836436,0.3010299956639812,0.6020599913279624,1.146128035678238,1.9030899869919435,2.0334237554869494,56.02297669827261,126.57902566180533,142.38151654009852,16.032585650577676,30.72834949892655,41.35377132773731,0.3010299956639812,0.0,0.0,0.0,0.0,0.3010299956639812,2.0086001717619175,0.3010299956639812,129869.27060479844,6141.628636690714
2022-02-16,2.459392487759231,0.6020599913279624,1.0791812460476247,1.7781512503836436,2.8785217955012063,2.6384892569546374,56.89089112792077,128.54975825842416,143.19999603244432,16.463013318595046,29.00002249512476,43.68080253139002,0.0,0.0,0.6020599913279624,0.0,2.593286067020457,0.6020599913279624,2.9929950984313414,0.0,92563.3658387503,9476.726302523271
2022-02-17,2.0492180226701815,0.0,0.6020599913279624,1.380211241711606,2.5774917998372255,2.709269960975831,55.50266391300792,128.13816266200647,131.48025713780473,17.04733436503978,30.327075732269858,41.57161615504749,0.3010299956639812,0.0,0.47712125471966244,0.0,1.2041199826559248,0.3010299956639812,2.66838591669,0.0,179073.47131534372,8259.727650548472
2022-02-18,0.7781512503836436,0.9030899869919435,0.3010299956639812,0.47712125471966244,1.6812412373755872,1.4771212547196626,51.87399331106727,128.0898476804662,105.6860569027794,17.521705720009688,32.25686160777552,38.30732827816409,0.3010299956639812,0.0,0.0,0.0,0.9030899869919435,1.380211241711606,2.7664128471123997,0.0,199713.3195934271,4620.07852371697
2022-02-19,1.3802112417116061,0.6020599913279624,1.0791812460476247,0.47712125471966244,2.447158031342219,2.225309281725863,46.26279779790271,129.2923958286667,80.99822619295955,17.320311554338833,27.75944733627506,38.35735669569561,0.47712125471966244,0.3010299956639812,0.0,0.0,2.526339277389844,0.0,2.859738566197147,0.9542425094393249,210666.1045875692,2653.0541556133453
2022-02-20,1.2041199826559248,0.7781512503836436,0.9030899869919435,1.0791812460476249,2.5563025007672873,2.760422483423212,51.747665319885215,133.23215495670843,115.32980495558738,16.889523924737034,29.730871386549765,40.29759322548492,0.0,0.0,0.0,0.0,0.3010299956639812,0.0,3.7940695839816327,0.47712125471966244,189855.29637241282,5046.979581691152
2022-02-21,1.1760912590556813,0.7781512503836436,0.7781512503836436,0.9030899869919435,1.806179973983887,1.7323937598229684,53.94339410801169,129.58280281336846,146.30897834005705,17.173796856169687,31.89863364995365,38.532453828604616,0.0,0.3010299956639812,0.3010299956639812,0.0,1.9444826721501687,0.6020599913279624,3.166726055580052,1.3222192947339193,273795.4717101128,5087.576495534279
2022-02-22,1.414973347970818,0.6989700043360189,1.0,0.6989700043360189,2.100370545117563,2.401400540781544,52.9964024126235,133.0688946516734,155.18990123500828,18.85374916687169,31.64563761009652,38.900570528232215,1.7781512503836436,0.0,0.0,0.0,1.7481880270062005,1.0791812460476249,3.1245042248342823,1.3222192947339193,427187.03559448326,11795.873455037474
2022-02-23,1.0791812460476249,0.0,0.3010299956639812,0.6020599913279624,1.2304489213782739,1.255272505103306,48.30588228253841,174.26211629349527,165.57532410552437,35.0824889186114,28.41943726127024,31.119162628230228,0.0,0.0,0.0,0.0,3.3197304943302246,0.3010299956639812,2.463892988985907,1.041392685158225,317840.81509516033,11665.91824604862
2022-02-24,1.0791812460476249,0.0,0.47712125471966244,0.6020599913279624,3.0614524790871935,2.8853612200315117,41.34669819702289,249.75341630047507,121.40394178802354,59.47662953572694,24.4169050952066,19.4705313516167,0.0,0.0,0.0,0.0,0.3010299956639812,0.0,6.228769813835369,4.857766573910586,846429.0765928526,9008.826006887153
2022-02-25,1.2304489213782739,0.0,0.8450980400142568,0.6020599913279624,3.795184589682424,3.7024305364455254,43.75361524247692,231.22382720705494,110.44729602232755,38.04870314901478,24.08049357628302,19.02478868054022,0.0,0.0,0.0,0.0,4.015694988526517,0.3010299956639812,5.303040461378255,3.662757831681574,700826.4045039568,12778.195836817666
2022-02-26,1.8061799739838873,0.47712125471966244,1.4471580313422192,0.6020599913279624,3.0453229787866576,3.0681858617461617,36.73690703121801,210.1046080299849,120.80701372893559,25.003259072939834,20.28630429542932,17.015441140602967,1.3222192947339193,0.3010299956639812,1.380211241711606,1.7781512503836436,9.859219160083867,4.497813933401691,5.708957699584578,5.771687408554213,470743.88048721594,10835.14405465134
2022-02-27,1.255272505103306,0.47712125471966244,0.7781512503836436,0.6989700043360189,2.322219294733919,2.322219294733919,34.66325818360696,202.68297671035526,127.01820036363505,17.871393712147512,19.832888444464405,16.7635697462635,1.3010299956639813,0.0,0.9030899869919435,0.3010299956639812,6.751648559115707,3.1795517911651876,5.286007122079474,4.6512780139981444,458190.6852034903,9704.791871038462
2022-02-28,1.5314789170422551,0.6989700043360189,1.380211241711606,0.47712125471966244,2.5705429398818973,2.2095150145426308,40.1620819447235,193.91006535505107,144.34202706465737,23.46554399880251,22.001301872917924,22.517015988787318,0.3010299956639812,0.0,1.3424226808222062,0.8450980400142568,9.662153175152431,4.391993072259713,4.527990589196434,3.569373909615046,468019.83580554574,12261.584840619833
2022-03-01,0.6020599913279624,0.47712125471966244,0.6020599913279624,0.3010299956639812,1.9030899869919438,1.806179973983887,42.39750122112336,213.48891809350727,142.1047560785608,29.6027607461083,22.161675598565637,24.739985150265895,2.8573324964312685,0.0,2.204119982655925,2.041392685158225,8.324288745318192,5.253338005326106,6.157122985685002,5.894997989782071,514018.63780402014,13048.532076617545
2022-03-02,1.9822712330395684,0.9030899869919435,1.7781512503836436,1.0791812460476249,2.936513742478893,2.9242792860618816,43.49744199806123,211.36543663476854,145.83094138169236,27.554065914907085,22.867427131328235,22.787860413914686,2.296665190261531,0.0,0.3010299956639812,0.9542425094393249,8.209274236071776,4.091596620810058,5.286007122079475,5.570781036093494,552627.1793963267,13212.035706708486
2022-03-03,1.9912260756924949,0.7781512503836436,1.7781512503836436,1.0791812460476247,2.421603926869831,2.421603926869831,45.70673719813447,203.94870086706294,139.4826336884295,29.41882449011019,25.333218339818316,24.203556497987098,2.255272505103306,0.6020599913279624,3.2764618041732443,0.3010299956639812,8.666599620243588,4.4239663686802855,4.99370069482035,4.440909082065217,501907.3825711764,13942.467800761891
2022-03-04,1.9242792860618816,0.3010299956639812,1.4771212547196626,1.4313637641589874,2.635483746814912,2.597695185925512,42.5639982611911,193.6827468793707,119.20000597815297,32.82329874724665,25.703623080273196,78.08840568806315,0.0,0.0,1.0791812460476247,0.0,4.015694988526518,3.2425414282983844,5.054613054556888,3.0941215958405612,464252.0641259287,9963.804986356841
2022-03-05,1.9912260756924949,1.4771212547196626,1.4471580313422192,0.9542425094393249,2.681241237375587,2.7671558660821804,41.33669413836399,186.6810981378431,112.5293869042006,33.048499390055795,24.07995017198897,25.334331294657673,0.0,0.3010299956639812,0.6989700043360189,0.0,7.096778801511781,4.096005739715113,4.832508912706237,4.658812431895401,405747.17832188675,8545.14080658959
2022-03-06,0.6020599913279624,0.0,0.9030899869919435,0.3010299956639812,1.9084850188786497,1.9084850188786497,41.02903121423954,183.94495552052203,108.44524980053998,29.104750102661356,21.8922464487489,23.61144405441899,0.6020599913279624,0.0,0.0,0.0,2.5563025007672873,1.0791812460476249,5.209949092021949,5.062581984228163,412436.01609783486,8055.439937251336
2022-03-07,2.7323937598229686,0.9542425094393249,2.2833012287035497,1.6020599913279625,4.1205739312058505,3.8987251815894934,41.74685937200137,168.4075071054391,99.03593506391658,22.652968184725403,21.342733470356585,22.431998667237966,2.20682587603185,0.0,2.0681858617461613,0.0,5.891827262280744,2.61066016308988,5.25583913087662,5.13044956491801,488242.61787178245,13618.755833347734
2022-03-08,2.1583624920952498,2.03342375548695,1.7781512503836436,0.9030899869919436,3.760422483423212,3.5153438930883807,42.12384153604221,162.4200597472353,98.442654740521,20.51084166943795,22.295324586914507,22.108807323685745,1.0791812460476249,1.2041199826559248,1.8195439355418686,0.0,8.590744567774449,2.6589648426644352,5.92551835817743,5.584018962976278,432303.98609276337,12286.220251161465
2022-03-09,1.380211241711606,0.7781512503836436,1.2041199826559248,0.6020599913279624,2.8785217955012063,2.681241237375587,46.34296516152824,167.66218435658425,111.1769345792691,20.201651394950268,24.556515919293886,22.95964359791079,2.3802112417116064,0.0,0.47712125471966244,0.0,5.981728025361616,0.47712125471966244,5.367281357632943,4.132515834912638,422818.3847874842,11793.755978734362
2022-03-10,1.1461280356782382,0.6989700043360189,0.9542425094393249,1.1760912590556813,2.225309281725863,2.1583624920952498,51.76110344651744,176.53934723763916,109.58236315574892,22.799835957718336,24.67736889320188,25.349691408584757,1.8195439355418686,1.6020599913279625,1.6434526764861874,0.0,7.485762299332949,2.5465426634781307,4.771146348814985,4.814300880129497,390888.1480091482,12007.29240194198
2022-03-11,2.2833012287035497,0.3010299956639812,1.8573324964312685,1.954242509439325,2.9822712330395684,2.9822712330395684,49.7980558359213,170.43265170764377,101.88381963952614,23.14624722324181,21.790959138972347,27.535893174879636,1.4471580313422192,0.0,1.7160033436347992,0.0,8.294269977721985,2.6074550232146687,6.028180700074578,4.343211590179747,358357.431550632,10055.102677575846
2022-03-12,3.2764618041732443,1.6812412373755872,3.24551266781415,2.079181246047625,4.621176281775035,4.577491799837225,42.90737186315667,182.5921950096993,104.29848106021555,21.44287467349244,21.516386599411966,27.833526582717795,1.380211241711606,0.6989700043360189,4.144013465786199,0.3010299956639812,4.670987603010034,2.7323937598229686,4.951104277929998,3.8273692730538253,318345.267769672,6327.887933531985
2022-03-13,1.8573324964312685,0.6020599913279624,1.380211241711606,1.0791812460476249,3.0236639181977933,2.658964842664435,47.79348165850193,192.31581748437316,120.68517097892828,18.921991269303923,24.154414336189898,28.521678480663482,3.6982745766743674,0.6020599913279624,2.760422483423212,0.0,7.93325086202472,2.577491799837225,5.310650836478306,6.811690802293597,403967.47784818447,5996.556279267107
2022-03-14,1.7781512503836436,1.0791812460476249,1.3979400086720377,0.9030899869919435,2.424881636631067,2.255272505103306,53.160475413675435,175.25601683971902,123.13036947348678,20.235610573963235,27.03789122611509,32.03167684504354,1.9242792860618816,0.0,1.6901960800285136,0.6020599913279624,6.205130711756087,1.7781512503836436,5.5086105104294125,6.950456377649344,444384.9671790993,9018.166067158027
2022-03-15,1.2041199826559248,0.47712125471966244,0.9030899869919435,0.47712125471966244,1.7781512503836436,1.7323937598229686,51.65568731748738,172.30859360136787,140.55718745425406,19.861074048531236,26.208495768726227,34.69209124176964,0.9030899869919436,0.6020599913279624,0.47712125471966244,2.8937617620579434,5.703545860310656,2.03342375548695,5.256236533205923,6.447561737516102,374142.82910283026,15086.909737711765
2022-03-16,0.6020599913279624,0.3010299956639812,0.9542425094393249,0.7781512503836436,1.505149978319906,1.6812412373755872,50.977901322449725,170.70453435466936,142.55439892340175,18.51034789628894,23.691780838172484,34.67112077415276,0.8450980400142568,0.0,0.0,0.7781512503836436,5.178999955662856,4.295347148333618,5.668311353296924,5.036213562394563,348944.5952981527,13278.100662679055
2022-03-17,1.7323937598229686,0.3010299956639812,1.0,1.0,2.651278013998144,2.7024305364455254,50.32225154755138,166.74688156655628,121.81940684805585,18.318277289378543,22.115438716057525,32.296221659605536,0.7781512503836436,0.3010299956639812,1.8195439355418686,0.0,5.085347671533056,3.209515014542631,5.213995616368085,3.9013493254156426,351443.7736001424,11597.635466373255
2022-03-18,2.789580712164425,1.0791812460476249,1.954242509439325,2.577491799837225,4.039176084376041,3.926753905189737,49.6542603047713,172.0165248456767,103.98457254749448,18.749556190646747,22.621836805189677,31.487722689521732,0.6020599913279624,0.0,0.47712125471966244,0.0,3.3044905277734875,0.6020599913279624,5.5202791107638935,5.288696260590256,298090.47741164087,9538.72562695197
2022-03-19,0.6989700043360189,0.3010299956639812,1.0,1.0,2.4471580313422194,1.9822712330395684,43.041418924877064,166.83407300254174,93.62864843782546,17.565651335819872,22.19725992092633,31.356651083307604,1.4771212547196624,0.0,0.3010299956639812,1.0791812460476247,6.901957173735875,2.778151250383644,4.440909082065218,4.1673173347481764,249459.29615965852,6384.8035774024265
2022-03-20,1.380211241711606,0.6020599913279624,0.6020599913279624,1.380211241711606,2.0492180226701815,2.0492180226701815,47.132222182463394,161.27082929385352,104.64414133292776,17.907707635969928,23.41958231734761,34.44078893365701,1.8920946026904804,0.0,0.7781512503836436,0.47712125471966244,5.623745343543668,2.4345689040341987,4.617754979854481,4.343053922912849,237141.91221975014,5547.153095375498
2022-03-21,2.0492180226701815,0.7781512503836436,1.9030899869919435,0.9542425094393249,2.4471580313422194,2.334453751150931,49.683541135164575,164.59776064504157,120.5100008457525,17.34743072934689,23.595127659375255,36.660152131860755,2.0569048513364727,1.0,0.3010299956639812,0.6020599913279624,5.334453751150931,3.4371160930480786,4.684055016600261,5.020170615359196,327739.7010684552,11973.178913836617
2022-03-22,1.380211241711606,0.0,0.8450980400142568,0.7781512503836436,2.4683473304121573,2.4983105537896004,51.033138134782675,169.15728050472853,123.7032166346137,18.005387894845768,26.258303832508705,37.42950595920339,0.0,0.0,0.0,0.0,0.0,0.0,5.022213851802561,2.255272505103306,329222.644378919,10087.89825131727
2022-03-23,2.1205739312058496,1.1760912590556813,1.6532125137753437,0.7781512503836436,2.7535830588929064,2.6646419755561253,53.70555819345377,166.01840770802013,122.59408875580431,23.53297373770691,27.765719194597267,37.41971019321559,1.7781512503836436,1.1461280356782382,1.5563025007672873,0.7781512503836436,6.139183658739586,2.3010299956639813,4.901087623399948,3.2329961103921536,288296.42949249776,9399.69110863775
2022-03-24,1.845098040014257,1.0,1.255272505103306,1.0791812460476249,2.526339277389844,2.526339277389844,52.148953336509805,170.06128868407745,120.69599587335428,18.516684413158497,25.117012321267197,34.84050662876961,0.0,0.0,0.3010299956639812,0.0,1.380211241711606,0.3010299956639812,4.855591834854967,5.02234587626988,317921.58093708067,7933.390503726621
2022-03-25,1.2041199826559248,0.6020599913279624,1.2041199826559248,0.6020599913279624,2.936513742478893,2.597695185925512,49.29466241110359,169.27170141743915,105.09088754889711,16.782863583447664,23.544794958506596,32.6433305696703,1.7781512503836436,0.0,0.47712125471966244,0.6020599913279624,4.392626616474039,2.3010299956639813,5.1289417978101,4.2068798223063,288973.63354648114,9212.33418049625
2022-03-26,1.7323937598229686,1.0791812460476249,2.079181246047625,0.8450980400142568,3.296665190261531,3.2095150145426308,47.12720577696217,156.4391586742323,91.04862022867266,17.539709719182547,22.90915933405335,33.85020338320428,0.47712125471966244,0.0,3.7065471026403576,1.041392685158225,3.852967691028818,2.789580712164425,4.795184589682424,2.6283889300503116,228827.02179484212,5308.700529838648
2022-03-27,1.7781512503836436,0.7781512503836436,1.380211241711606,0.9542425094393249,2.561101383649056,2.401400540781544,48.447393757501175,156.83911405169306,109.5708379033201,17.10267042877374,23.318154002112372,35.668597857472825,0.9030899869919435,0.7781512503836436,0.6989700043360189,0.3010299956639812,6.561079429746735,3.225309281725863,4.487421211359474,2.482873583608754,213630.37660692856,4704.6207965284175
2022-03-28,1.3010299956639813,0.7781512503836436,1.9084850188786497,0.6020599913279624,3.123851640967086,2.5314789170422554,49.23087368326996,162.8194248315249,127.26848510283276,16.521205017453603,23.856638700723053,36.38692214514485,0.6020599913279624,0.3010299956639812,0.0,0.3010299956639812,3.0982975364946976,1.255272505103306,4.17435059747938,2.6020599913279625,241295.20199953913,7516.204051483496
2022-03-29,2.2304489213782737,1.2041199826559248,1.9912260756924949,1.8573324964312683,3.8061799739838875,3.1595671932336202,56.05564185964411,158.89785661643532,127.76482853367106,17.35747509768508,25.325767594310804,41.933827874069294,0.9030899869919435,0.0,0.9030899869919435,0.0,6.0210155465243504,2.380211241711606,5.044853217267732,2.3692158574101425,248534.27172988697,9039.985615364649
2022-03-30,1.505149978319906,0.9030899869919435,0.7781512503836436,0.7781512503836436,2.885361220031512,2.8573324964312685,58.19618073212813,155.45103101256748,118.56228126791532,16.272945002154792,24.13479240499498,40.89176239971164,0.6020599913279624,0.0,0.3010299956639812,0.0,6.53466564785117,2.7024305364455254,4.214313897424399,1.0,235221.2432825127,8804.290207080976
2022-03-31,1.9242792860618816,1.2041199826559248,1.255272505103306,1.0791812460476249,2.510545010206612,2.4593924877592306,62.49235359699748,158.09119862545492,112.83528175390744,17.446795756949534,23.7442837784997,39.135448407491374,0.3010299956639812,0.0,0.0,0.6989700043360189,6.3570882910950495,1.7323937598229686,5.2265483538414115,4.357363030615143,203027.25400601164,9083.140888722986
2022-04-01,1.0791812460476249,1.5051499783199058,1.0791812460476249,1.0,2.8325089127062366,2.3802112417116064,58.09452841964192,157.67195216227907,98.12407450563865,16.96794556233867,21.476111343784346,37.80172028812426,0.0,1.591064607026499,0.9542425094393249,0.0,7.001597217348515,1.5185139398778873,5.325679826843426,2.012837224705172,214716.57171827598,7069.50874048549
2022-04-02,0.0,0.0,0.0,0.0,0.0,0.0,52.57929121003126,164.44745291414148,92.27691342827467,27.860386428332276,20.76672282032595,36.46176268871562,0.47712125471966244,1.041392685158225,1.591064607026499,0.0,8.049869460277204,1.041392685158225,4.588831725594207,0.7781512503836436,219846.97462207286,6184.774346671161
2022-04-03,1.0,1.0791812460476249,0.6020599913279624,0.3010299956639812,2.1931245983544616,2.0791812460476247,52.406826928687806,165.5019295603967,115.53173849079732,18.890486652677026,21.564062302374886,38.178231048474416,1.4771212547196624,0.3010299956639812,0.0,0.0,5.674268516836116,3.597695185925512,4.191842094619106,2.9036325160842376,268734.9186583283,6685.840090600381
2022-04-04,1.2041199826559248,0.47712125471966244,0.8450980400142568,0.7781512503836436,1.8573324964312685,1.9242792860618816,55.72820370141953,162.47899083444582,122.1909431794808,18.772354619843775,23.252825262558634,40.568204449278866,0.0,0.0,0.0,0.0,0.6020599913279624,0.3010299956639812,3.3447851226326604,3.711638538232349,381913.6310076294,5462.76697854557
2022-04-05,0.9542425094393249,1.2041199826559248,0.7781512503836436,0.6020599913279624,2.401400540781544,2.187520720836463,55.2232832415088,167.43882361757025,121.30461410950667,18.622569175438507,24.165634842020676,39.39989178042474,0.0,0.0,0.0,0.0,0.0,0.0,4.407152869670636,2.2833012287035497,356968.70430708176,5615.654517347113
2022-04-06,2.3802112417116064,1.0791812460476249,1.7481880270062005,1.0791812460476249,2.760422483423212,2.681241237375587,53.00424148618915,165.88932843561736,118.32089425078658,17.86847739209888,23.15548777205705,40.40671563559053,0.0,0.0,0.3010299956639812,1.0,5.916943241143666,2.8573324964312685,4.307067950661298,1.99563519459755,316269.19373817346,8840.907120126636
2022-04-07,1.3010299956639813,1.2041199826559248,0.6020599913279624,0.0,2.4409090820652177,2.204119982655925,55.993129074666,170.66825320276592,116.31402440545581,20.890473226585897,24.42465783517919,44.392536376450636,0.0,0.0,0.0,0.3010299956639812,5.807940721215499,0.7781512503836436,3.9890046156985366,2.1522883443830563,291250.5353704014,6794.250356883683
2022-04-08,1.380211241711606,1.255272505103306,0.6020599913279624,1.0791812460476249,2.204119982655925,2.079181246047625,50.919709188476986,162.16377396184706,99.6010327702991,21.620114423166083,23.34797172178652,40.74954328908832,0.0,0.0,0.0,0.0,0.0,0.0,4.411215523075143,3.0877814178095426,330539.47673169,7500.208262558239
2022-04-09,1.380211241711606,0.9030899869919435,1.0,0.6020599913279624,3.0034605321095063,2.709269960975831,47.9995804813949,146.33283926987113,91.83843514219232,20.31448608550796,23.383909017271264,37.894158086656326,0.6989700043360189,0.0,0.9030899869919435,0.0,5.948427637641641,3.100370545117563,3.7371926427047373,1.4913616938342726,282974.8966474538,9755.57061895671
2022-04-10,0.6020599913279624,1.146128035678238,0.6020599913279624,0.6020599913279624,2.225309281725863,1.954242509439325,52.18679156157573,158.59021536076114,105.96682615593289,18.623042729118012,24.486309007078503,39.31653187428803,0.0,0.6020599913279624,0.6989700043360189,0.3010299956639812,5.5586125832453614,4.735854291932474,3.343999069057161,3.455758203104137,240658.48423889006,8445.185227043745
2022-04-11,1.0791812460476249,0.8450980400142568,0.6020599913279624,0.7781512503836436,2.8536982117761744,2.7024305364455254,54.39832626201843,169.37572675703694,120.748252251752,19.002895410449497,23.933001537682966,39.903652278056626,1.6812412373755872,0.0,0.0,0.0,3.812646016233119,3.295786940251609,3.759969857554307,1.9731278535996986,286052.2807541599,6831.871224558401
2022-04-12,1.8920946026904804,0.47712125471966244,0.7781512503836436,0.7781512503836436,2.24551266781415,2.24551266781415,58.02834391190462,175.17877139037188,119.88408025382847,20.167834129814253,25.023556244046315,42.92155308095805,0.6020599913279624,0.0,0.0,0.0,3.529430354366986,1.6020599913279625,4.083502619830267,3.3544926005894364,253487.57869619408,7231.661605148972
2022-04-13,1.3222192947339193,0.47712125471966244,0.9542425094393249,1.255272505103306,2.296665190261531,1.7993405494535817,56.32384742952785,163.48177899129536,119.30701519423462,18.666495061104335,25.040414022932115,44.31172854941323,0.9030899869919435,0.3010299956639812,1.5051499783199058,0.0,3.077731179652392,1.9030899869919435,3.087781417809542,0.9030899869919435,275148.64954122226,7159.93398544515
2022-04-14,0.9030899869919435,0.47712125471966244,0.3010299956639812,0.3010299956639812,2.401400540781544,1.7781512503836436,55.7149628848589,152.66812395960528,112.37018363991868,17.764432530617547,21.912558447492767,38.222020154488675,0.3010299956639812,0.3010299956639812,0.7781512503836436,0.0,2.0791812460476247,1.0791812460476249,3.6309361190641916,2.2329961103921536,265665.41004829545,8674.348275401066
2022-04-15,0.9030899869919435,0.0,0.6020599913279624,0.6020599913279624,2.1072099696478683,1.9822712330395684,55.95551117535495,150.60277005011434,94.17964853826595,17.43166705146926,20.51142171201857,36.729074442436584,1.1461280356782382,0.0,0.0,0.3010299956639812,2.8195439355418688,0.47712125471966244,4.612699108064593,4.071513805095089,239300.2618153561,7259.763480193307
2022-04-16,2.421603926869831,0.9542425094393249,2.1760912590556813,1.954242509439325,3.547528576459782,3.4156409798961542,55.283431175980695,151.5421717634393,81.91055586689838,18.499580505031354,20.221710471743652,39.652287893942095,0.47712125471966244,0.0,0.6020599913279624,0.6020599913279624,3.1872386198314784,1.8450980400142567,4.3044905277734875,2.462397997898956,215256.09092601857,4592.821100116951
2022-04-17,1.3010299956639813,0.7781512503836436,1.2041199826559248,0.6989700043360189,2.436162647040756,2.401400540781544,53.128912718249055,171.116110391086,109.80642438716659,21.161922974986844,21.501812253951016,40.68261029120629,0.47712125471966244,0.0,1.1461280356782382,0.0,3.7906369619317033,1.380211241711606,3.2095150145426308,2.2833012287035492,205302.40047971226,4713.4174221732
2022-04-18,1.2041199826559248,0.47712125471966244,1.380211241711606,0.7781512503836436,2.661812685537261,2.806179973983887,50.275101647906475,165.19085074421884,116.75588590197978,20.30306587503862,21.240245556504114,39.45211482189603,0.7781512503836436,0.0,0.7781512503836436,0.3010299956639812,4.852089441018896,3.100370545117563,3.602494068807281,2.681241237375587,253089.93984193835,5194.874634069779
2022-04-19,1.8573324964312685,0.6020599913279624,1.322219294733919,0.47712125471966244,2.4563660331290427,2.421603926869831,55.23696244697672,156.8554833049832,111.64757645427979,23.117679249025695,21.13999362259825,41.950145224404324,0.0,0.0,0.47712125471966244,0.0,3.1583624920952493,1.505149978319906,3.5299434016586693,1.7634279935629373,243538.86634283443,8187.053301723686
2022-04-20,2.2833012287035497,1.146128035678238,2.130333768495006,1.6232492903979003,3.412124406173317,3.221414237842339,56.70695767082574,155.46715865893773,108.98505603108099,16.924978378476553,20.93018810662998,40.65364573102232,1.2041199826559248,0.3010299956639812,1.3010299956639813,0.0,3.5224442335063197,1.380211241711606,3.3392526340326993,2.3222192947339195,178082.66993528447,6217.7197166429605
2022-04-21,1.662757831681574,1.505149978319906,1.716003343634799,1.146128035678238,3.087781417809542,3.03342375548695,53.07176892558917,151.42206848237862,104.57331421628854,19.907873205984068,18.947156544514012,38.868117561885164,2.677606952720493,0.9030899869919435,0.0,0.47712125471966244,4.217404974401542,2.827369273053825,3.4782778319196046,4.731596822523533,170983.347810403,7839.399134501358
2022-04-22,1.5563025007672873,1.4313637641589874,0.7781512503836436,0.7781512503836436,2.6646419755561253,2.1583624920952498,49.08581253231634,140.67531677452038,89.22861800832126,15.51826414389433,16.646060150943782,43.417557118713944,0.3010299956639812,0.7781512503836436,0.6989700043360189,0.0,3.7265642161622448,0.9030899869919435,3.8573324964312685,2.764922984649888,182954.23974574526,7010.275741609391
2022-04-23,1.2041199826559248,0.7781512503836436,0.7781512503836436,0.47712125471966244,2.1553360374650614,2.0681858617461617,38.17030603557498,141.47157673628348,80.7707353636074,15.367997733589219,13.783015813186823,35.38501721712061,0.47712125471966244,0.6020599913279624,1.6127838567197355,0.3010299956639812,5.555041217023105,1.6232492903979003,3.8637985386805,2.2764618041732443,162380.5285456015,4550.2087258140145
2022-04-24,0.8450980400142568,0.3010299956639812,1.146128035678238,1.0791812460476249,1.9242792860618816,2.0,40.0755925754883,152.16968613587184,96.01822264345418,15.914716559224766,16.717243802890287,27.56248609281738,0.3010299956639812,0.0,1.6532125137753437,0.0,4.545455567836917,1.5563025007672873,2.989449817666692,3.681241237375587,179735.00767180874,6968.775473487194
2022-04-25,1.3010299956639813,0.7781512503836436,1.7481880270062005,1.0791812460476249,2.6946051989335684,2.3502480183341627,50.61557331981254,156.1326292539337,111.34377898931601,17.8910693830086,21.202213691555613,35.70639958160535,0.6020599913279624,0.0,0.6020599913279624,0.0,4.039176084376041,2.204119982655925,5.0998187096152305,4.074816440645175,194696.22670444608,13596.352962210958
2022-04-26,1.3222192947339193,1.0,0.6020599913279624,0.7781512503836436,2.1335389083702174,2.2600713879850747,53.002508149681795,160.93470807727488,119.47214387367583,17.478987598970093,22.450367534775445,39.79191178354418,0.6020599913279624,0.3010299956639812,0.0,0.0,4.141763230275788,1.6812412373755872,3.6954816764901977,3.1583624920952498,227199.10363364994,8152.56013303848
2022-04-27,0.9542425094393249,0.0,0.6020599913279624,0.6020599913279624,1.3979400086720377,1.3010299956639813,56.19738598666136,168.91210229962172,119.8111335239987,16.278011282630402,22.16555456465821,39.20571138677604,0.7781512503836436,0.0,1.6020599913279625,0.0,3.184691430817599,2.597695185925512,4.1875207208364635,1.0791812460476249,195737.57176738538,8817.33356808628
2022-04-28,1.9242792860618816,1.2304489213782739,1.6434526764861874,0.7781512503836436,2.1335389083702174,2.03342375548695,60.80472296676941,165.25291072712608,110.9033041658761,17.058348531306535,22.32909426198593,39.84762006506568,0.8450980400142568,1.255272505103306,2.709269960975831,0.3010299956639812,4.2604530176070865,1.7403626894942437,4.846658692656829,3.2253092817258633,256846.237895397,10026.368170561289
2022-04-29,1.3010299956639813,0.6989700043360189,1.2041199826559248,0.3010299956639812,3.219060332448861,2.421603926869831,57.916893290787925,149.10266014151205,94.07421291161316,18.138179033959076,21.30018078597984,36.548887766608715,0.3010299956639812,0.3010299956639812,1.2041199826559248,0.0,6.38200983430788,1.6532125137753437,3.4255342204982635,1.5563025007672873,223406.17398789502,7852.917380320265
2022-04-30,1.5051499783199058,0.9030899869919435,1.4471580313422192,0.6020599913279624,2.204119982655925,1.954242509439325,51.75170154380503,143.07386489921328,83.66611085664474,19.006812860916277,20.674849978431368,36.07676148611979,0.7781512503836436,0.6020599913279624,0.0,0.3010299956639812,3.878521795501207,2.9628426812012423,3.565257343420214,2.5877109650189114,182640.4080364594,9994.080991654331
2022-05-01,1.5563025007672873,1.5563025007672873,1.255272505103306,0.7781512503836436,2.8115750058705933,2.4608978427565478,59.19618516542859,157.77595875904734,108.64518300414068,19.396180719981505,21.708443405001095,42.22580019523591,0.6020599913279624,0.3010299956639812,0.6020599913279624,0.0,3.722633922533812,2.4771212547196626,3.413634997198556,3.9973863843973136,187611.92515765128,10441.18059367837
2022-05-02,2.0791812460476247,0.6989700043360189,1.0,0.9030899869919436,2.510545010206612,2.510545010206612,60.79539171254077,160.26009868241573,118.78093446847672,19.4356378697236,23.46936851483912,43.392970176328504,0.0,1.9912260756924949,0.0,1.4313637641589874,3.494154594018443,1.255272505103306,3.7918309476748364,1.7481880270062005,210653.9008534996,9274.863780374366
2022-05-03,1.255272505103306,0.9542425094393249,1.0791812460476249,0.9030899869919435,2.658964842664435,2.357934847000454,57.87010033196243,153.34830703711827,116.69560461189535,17.311932241306195,23.072756402107103,38.30369662748831,0.7781512503836436,2.214843848047698,0.3010299956639812,0.6020599913279624,6.585726864825304,3.8785217955012063,4.559763032876794,3.136086097384098,183659.5981346995,7220.222120807231
2022-05-04,1.380211241711606,1.0,1.0,0.47712125471966244,2.3096301674258988,2.2095150145426308,59.202065113225814,149.24492362726127,114.39924376854879,16.72375551250962,24.431501931719765,39.04930853785899,0.0,1.041392685158225,1.4771212547196626,0.0,4.084361758551405,2.401400540781544,4.498806606935368,1.414973347970818,169602.1313082695,8952.683203710789
2022-05-05,1.380211241711606,0.9030899869919435,1.0791812460476249,0.47712125471966244,2.552668216112193,2.322219294733919,55.15734890064459,149.17827438999683,111.03044797093935,16.24686279083855,25.328498716139613,36.35941061667678,0.0,0.0,1.4471580313422192,0.6020599913279624,4.6255593728759745,1.0,3.241546480596548,2.3010299956639813,180635.74908995867,9505.731530928533
2022-05-06,1.6232492903979003,0.9030899869919435,1.6232492903979003,0.6020599913279624,2.3692158574101425,2.1072099696478683,54.221169626557646,150.9375351375892,94.84325474914255,17.5201244424239,24.101695627042556,37.17126424022337,0.3010299956639812,0.47712125471966244,2.225309281725863,0.3010299956639812,3.006037954997317,1.2041199826559248,3.371437317404101,2.621176281775035,175131.20624710302,11331.10279353043
2022-05-07,1.4471580313422192,0.47712125471966244,1.0791812460476247,1.0791812460476249,2.2833012287035497,2.2095150145426308,50.973367176386404,150.13207084476855,82.38520298579215,16.71821311958605,23.06726162517478,38.37187813423766,0.0,0.3010299956639812,1.0791812460476249,0.0,2.5563025007672873,1.4471580313422192,3.8997110945711446,2.3765769570565123,130237.90429745725,7118.910948727607
2022-05-08,1.2041199826559248,1.146128035678238,0.7781512503836436,0.7781512503836436,2.4771212547196626,2.1072099696478683,49.113831498021185,169.8757712924328,102.59022552534866,14.682996019758907,23.811749634259165,37.89840324353307,0.0,0.3010299956639812,2.269512944217916,0.0,5.150971232062612,2.0492180226701815,3.7371926427047373,1.9030899869919438,214216.8442769638,10318.247437475486
2022-05-09,0.9030899869919435,0.3010299956639812,0.7781512503836436,0.6020599913279624,1.4771212547196626,1.5563025007672873,52.15005922427086,172.12256547186823,116.0044798802186,16.51465068827247,23.90481856411126,38.73712868269554,0.6020599913279624,0.47712125471966244,1.0,0.0,5.081721662385196,1.3979400086720377,3.633468455579586,1.7781512503836436,216820.26219910925,15069.422960953352
2022-05-10,1.6434526764861874,0.3010299956639812,1.6812412373755872,0.7781512503836436,2.9822712330395684,2.7993405494535817,58.93767642536338,157.8129850536577,121.55558806342648,19.216119349861568,26.605999560554636,42.98247626563712,0.7781512503836436,0.0,0.6020599913279624,0.0,4.116209125803399,0.0,3.6426623314420357,2.380211241711606,177488.05469134846,10428.719165738712
2022-05-11,1.6020599913279625,0.3010299956639812,1.0791812460476249,1.1461280356782382,1.9912260756924949,2.0492180226701815,60.125254071125205,150.46203745187347,120.22417116175765,19.372268264231234,26.82086988686445,43.895419189512566,0.7781512503836436,0.0,0.9030899869919435,1.4771212547196626,4.475118891127667,2.113943352306837,3.6462076122066853,2.9947569445876283,186425.88677987832,9894.092382160568
2022-05-12,0.7781512503836436,0.0,0.0,0.0,1.8195439355418686,1.6812412373755872,58.17758045238881,151.05321249047773,109.54048487033455,17.210905460756067,25.50700992386379,43.625323561208916,0.3010299956639812,0.0,0.0,1.8260748027008264,2.9822712330395684,0.47712125471966244,4.371806458507416,3.9076800242424197,197198.53617305707,5765.572625965412
2022-05-13,1.505149978319906,0.47712125471966244,1.6812412373755872,0.9030899869919435,2.584331224367531,2.526339277389844,55.004901914707176,143.4236558422657,98.88352509196199,19.39899983819074,24.798083748847038,43.20768963961551,0.3010299956639812,0.6989700043360189,0.6020599913279624,1.462397997898956,4.212720154417842,1.0,3.8553979966540686,2.5877109650189114,179134.8330391858,5071.379610255194
2022-05-14,1.255272505103306,0.47712125471966244,1.3222192947339193,0.9030899869919435,2.0211892990699383,1.8573324964312685,50.05344454417468,150.09698029490494,91.79535951447929,19.6958242975364,21.01165741907082,36.60934073364648,0.0,0.3010299956639812,0.0,0.3010299956639812,4.315970345456918,2.6020599913279625,3.442793225939769,1.462397997898956,120706.19403366327,6803.3452769264895
2022-05-15,1.4471580313422192,0.9030899869919435,0.6020599913279624,0.6020599913279624,2.079181246047625,2.0492180226701815,54.115410279254604,149.69961797542553,113.62265173153327,18.316783832381923,23.24880501445441,38.34476401204947,0.0,0.9542425094393249,0.7781512503836436,0.0,4.92551835817743,2.4771212547196626,4.476425827058011,3.5268559871258747,82744.46281517559,7527.713513852881
2022-05-16,1.255272505103306,0.3010299956639812,1.0791812460476249,0.6020599913279624,2.1583624920952498,1.9030899869919435,54.36842607985581,141.27871967969253,118.44040535785612,17.166115394132955,23.731772865636724,37.800573630074325,1.6812412373755872,0.6989700043360189,1.7993405494535817,0.3010299956639812,3.278753600952829,1.4471580313422192,4.03342375548695,3.1931245983544616,133346.16465130748,7350.587805161225
2022-05-17,1.6232492903979003,0.3010299956639812,1.3010299956639813,0.7781512503836436,2.292256071356476,2.2600713879850747,53.259028225652564,146.9858734696528,117.91391336422124,16.51319919570335,22.97518255389432,39.3549125479744,0.3010299956639812,0.3010299956639812,0.47712125471966244,0.3010299956639812,2.5843312243675305,2.041392685158225,4.862131379313037,4.276921132065774,154958.96260600883,8396.117288438654
2022-05-18,1.6232492903979003,0.6020599913279624,1.0,0.47712125471966244,2.401400540781544,2.2764618041732443,54.45237525882608,145.68303444280235,117.60227075715692,16.294746715467447,23.858840178021936,41.43101149885243,0.3010299956639812,0.0,0.7781512503836436,0.0,4.969937497965843,0.6020599913279624,3.9334872878487053,1.7634279935629373,190830.31619181333,7304.630384294361
2022-05-19,0.47712125471966244,0.9030899869919435,0.6020599913279624,0.47712125471966244,1.0791812460476249,1.0,55.27399110396891,147.04920652739048,111.71331619168717,17.08201211333209,23.983324317296226,39.15830759679996,0.9030899869919436,0.3010299956639812,1.146128035678238,0.0,3.9998262474544126,1.255272505103306,4.383671773821113,3.973497308732063,186037.69317399533,10214.751266314855
2022-05-20,0.0,0.3010299956639812,0.0,0.0,0.7781512503836436,0.47712125471966244,57.6189438339148,153.02813655155126,90.0655560132135,19.421582843669444,24.006654694359657,39.527092964985336,0.9030899869919435,0.0,1.0791812460476249,0.0,6.071425390094396,0.47712125471966244,4.660789612079682,2.1367205671564067,151728.38164099058,6552.504186513322
2022-05-21,1.0791812460476249,0.3010299956639812,0.7781512503836436,0.6020599913279624,2.03342375548695,1.9822712330395684,54.871557782501455,140.50884990506697,75.42070896780919,18.71901563859432,24.092923709541182,39.90292861013524,1.0791812460476249,0.3010299956639812,0.7781512503836436,0.3010299956639812,4.200741090235126,2.0492180226701815,4.592398846115564,2.0,116053.93650048076,5035.223850757655
2022-05-22,1.0791812460476247,0.3010299956639812,1.6532125137753437,1.6020599913279625,2.526339277389844,2.296665190261531,56.36066076169285,144.59474683351382,103.62259898538207,16.888996776424896,24.49625553802359,39.81939028189762,0.0,0.0,1.845098040014257,0.0,3.973497308732063,1.7323937598229686,4.439332693830263,2.230448921378274,141712.0134717463,5891.48275425317
2022-05-23,1.7481880270062005,0.6020599913279624,1.380211241711606,1.0791812460476249,2.526339277389844,2.526339277389844,58.67035391430022,148.1610152197631,123.37822732876425,17.932082742167758,24.71034634642358,40.714169650789714,0.0,0.0,0.9030899869919436,0.0,3.1205739312058496,2.57287160220048,3.230448921378274,2.1072099696478683,242664.338803889,5857.715982554316
2022-05-24,1.8573324964312683,0.0,1.6812412373755872,0.9030899869919436,2.6946051989335684,2.6020599913279625,61.42432606263439,152.1319119950806,123.62062045996348,19.650582965994758,25.50914233044912,43.184717869667466,0.6020599913279624,0.0,2.230448921378274,0.0,2.681241237375587,0.7781512503836436,4.138365863678996,2.0453229787866576,180176.08148978895,5166.830449456483
2022-05-25,1.1760912590556813,0.0,1.255272505103306,0.7781512503836436,2.100370545117563,2.0,59.38641665866746,156.7401289471964,117.61338625238042,19.600362683017515,24.439465281579064,43.15078236909764,0.47712125471966244,0.0,2.1583624920952493,0.3010299956639812,2.9444826721501687,3.6604860157849677,4.217799679947117,1.9084850188786497,141133.79577929384,4997.424931819889
2022-05-26,1.6020599913279625,0.6020599913279624,1.3010299956639813,1.0791812460476249,2.635483746814912,2.584331224367531,55.44719161483659,152.01823817721288,108.82993661347001,18.756444659139028,23.181865606719157,37.871192177526055,0.6020599913279624,0.0,1.2041199826559248,0.0,3.498310553789601,1.380211241711606,3.510545010206612,2.9916690073799486,160050.3452007147,6738.305688394744
2022-05-27,1.2041199826559248,0.0,1.3010299956639813,0.0,2.1931245983544616,1.8195439355418686,51.596614344389366,148.67932854788296,88.48119643680961,18.667684012046866,21.995461482216754,34.05721653641507,0.47712125471966244,0.0,0.6020599913279624,0.0,2.2552725051033065,0.3010299956639812,3.722633922533812,2.075546961392531,159487.64895214292,4735.401552089799
2022-05-28,1.0791812460476249,0.6020599913279624,1.3010299956639813,1.0791812460476249,2.1205739312058496,2.0791812460476247,47.32254908974688,144.36440195624903,74.15757481991226,18.77098615614018,21.627912686264906,32.77629476175798,0.3010299956639812,0.0,1.255272505103306,0.0,3.498310553789601,1.2041199826559248,4.138018339614263,3.5915098089946547,120840.388916716,4687.004999874993
2022-05-29,1.2041199826559248,0.47712125471966244,0.7781512503836436,0.47712125471966244,1.7781512503836436,1.6812412373755872,56.86173357451446,156.1801009425641,95.77550232939392,28.521355747504717,25.388950076621146,37.62258998448252,0.6989700043360189,0.0,1.1139433523068367,0.3010299956639812,4.017033339298781,1.1760912590556813,4.466926905656488,2.733999286538387,103346.9322664668,5288.938819104223
2022-05-30,1.3010299956639813,0.3010299956639812,0.9030899869919435,0.6020599913279624,2.187520720836463,2.2041199826559246,59.09198076853972,161.16117304725145,109.66763456508417,16.74805781530592,25.001233183389445,38.86387783795751,0.7781512503836436,0.0,0.9030899869919436,0.3010299956639812,3.584331224367531,1.2041199826559248,4.4997283111501725,3.074816440645175,189768.2047388847,5801.931295215158
2022-05-31,1.146128035678238,0.0,0.6020599913279624,0.3010299956639812,1.845098040014257,1.6532125137753437,58.99955063335893,145.96154527574998,105.19741436706654,18.152251738155222,22.794268470021485,38.12946742893134,0.3010299956639812,0.3010299956639812,1.0791812460476249,0.3010299956639812,4.630936119064192,1.6232492903979003,4.1386184338994925,1.4471580313422192,201121.95337355728,7492.995341926642
2022-06-01,1.2041199826559248,0.0,0.7781512503836436,0.3010299956639812,3.1351326513767748,2.886490725172482,57.26865948481684,143.4368390572564,102.43026155480193,14.88434750920106,22.288766413464426,39.3927956626314,0.9030899869919435,0.0,0.0,0.0,3.526339277389844,2.225309281725863,4.386249196708923,3.0681858617461613,157162.15551395388,8335.351520457129
2022-06-02,1.698970004336019,0.3010299956639812,1.9822712330395684,1.505149978319906,2.760422483423212,2.709269960975831,56.13449282387653,148.3165042765736,112.85761364332845,16.02958663932327,21.835069959782864,38.3544793688397,1.0791812460476249,0.0,0.3010299956639812,0.0,2.459392487759231,2.269512944217916,3.554489160003819,2.90848501887865,130988.48435020845,6239.23279533312
2022-06-03,1.0791812460476247,0.0,1.2041199826559248,0.0,2.4683473304121573,2.167317334748176,55.48424544590133,151.7474631219784,102.54928666905747,17.521194469472626,23.536898517494052,40.666534055564284,0.3010299956639812,0.0,0.6989700043360189,0.0,2.949877704036875,1.5563025007672873,4.126585927954338,1.8808135922807914,155897.3032253917,5768.782254037775
2022-06-04,0.6020599913279624,0.0,0.9030899869919435,0.6020599913279624,2.3010299956639813,2.1072099696478683,50.46959562955685,151.66592915693082,80.82459310638924,16.92125043866497,22.659529887650674,40.33949172176594,0.0,0.0,0.9542425094393249,0.0,2.9822712330395684,1.5563025007672873,4.2198463860243605,2.958085848521085,137728.3265838482,3069.3666003272347
2022-06-05,1.255272505103306,0.0,0.7781512503836436,0.3010299956639812,2.03342375548695,1.9030899869919435,47.315715193937436,141.09335995337906,105.34262267112831,16.08013940140664,22.336707209497177,37.24994025380353,0.0,0.0,0.0,0.0,4.128399268717806,1.8750612633917,4.513962987371995,3.763128376799137,118645.90080380054,2865.5693504426044
2022-06-06,0.9030899869919435,0.6020599913279624,0.3010299956639812,0.7781512503836436,1.9956351945975497,2.2095150145426308,52.21096637505721,138.45083582274478,123.4149783592298,15.672910905026583,21.634943969386224,35.822532375662036,1.0791812460476249,0.0,0.0,0.7781512503836436,3.0326187608507196,2.0,4.653212513775344,3.9080558740987668,154808.4520674507,5796.843192705626
2022-06-07,1.5563025007672873,0.0,1.5185139398778873,1.255272505103306,2.61066016308988,2.3180633349627615,52.4364775271179,143.61219965274296,128.19663647882254,17.438029168822077,22.549753484756053,36.27292268818138,0.0,0.3010299956639812,0.0,0.3010299956639812,3.03342375548695,1.4771212547196626,5.005935151237362,3.8061799739838875,158402.20615932715,5931.583942372811
2022-06-08,1.255272505103306,0.0,0.3010299956639812,0.3010299956639812,2.1583624920952498,2.079181246047625,51.86921253761709,147.1497222134934,117.07618869409592,16.04443367571932,25.750064369797347,36.92977240503925,0.6020599913279624,0.3010299956639812,0.3010299956639812,0.0,2.9444826721501682,0.3010299956639812,4.181557773862787,1.6232492903979006,153439.5764956277,9933.271573940623
2022-06-09,1.3222192947339193,0.6989700043360189,1.3010299956639813,0.3010299956639812,1.6989700043360187,1.5440680443502757,53.72559572658897,145.5518152579926,112.92068138975932,15.866894437811869,23.339310188675867,38.52639393251092,0.6020599913279624,0.0,0.0,0.0,4.4184338800803244,1.5563025007672873,3.997211582832505,3.8907562519182184,188002.92491588686,5231.416161911384
2022-06-10,1.0791812460476249,0.0,1.1760912590556813,0.9542425094393249,1.7481880270062002,1.6901960800285136,54.085087587325205,152.74581006265026,101.241090195599,18.827301882673584,22.147562573542743,41.10603530597275,0.7781512503836436,0.0,0.3010299956639812,0.0,4.384801278962082,2.214843848047698,2.9708116108725178,1.3222192947339193,162428.02892730111,6675.086185898456
2022-06-11,1.255272505103306,0.0,0.47712125471966244,0.6020599913279624,1.7781512503836436,1.6812412373755872,50.239700045584335,152.60085829320957,87.51781915622405,18.1112751870075,22.987303993283454,40.71631904918793,0.0,0.0,0.6020599913279624,0.0,3.255272505103306,1.0791812460476247,4.394976719554564,2.7745169657285498,124045.79789048168,2975.3362216244523
2022-06-12,1.4471580313422192,0.0,1.2041199826559248,0.47712125471966244,2.225309281725863,2.1398790864012365,53.309346767020514,148.64643174653048,101.79915005383987,16.888251899330893,23.43725518472019,37.79111880477316,0.47712125471966244,0.0,0.0,0.0,3.255272505103306,2.100370545117563,4.174699288370776,2.0791812460476247,108734.59580459214,4185.550778259838
2022-06-13,1.380211241711606,0.47712125471966244,0.7781512503836436,1.0791812460476249,2.2455126678141495,2.4593924877592306,52.57412546535841,146.8863435422262,102.83328588279947,18.431930998908765,23.011222543968923,36.670100063745465,1.0791812460476249,0.0,0.3010299956639812,0.7781512503836436,3.888965344300337,3.482873583608754,3.687974620034556,1.845098040014257,167628.04188119865,5556.281458132375
2022-06-14,0.7781512503836436,0.3010299956639812,0.6020599913279624,0.3010299956639812,1.7481880270062005,1.3802112417116061,53.350227386216154,142.364167455192,110.66492255096375,16.03935194509385,21.739404299627523,37.00730822972303,0.7781512503836436,0.0,0.3010299956639812,0.0,2.5118833609788744,2.0492180226701815,4.874365835730049,2.5010592622177517,162877.0306542738,5675.686425412822
2022-06-15,1.380211241711606,0.0,1.1760912590556813,0.0,2.0492180226701815,1.9822712330395684,52.62854529937213,141.74367898931868,120.05042780775204,17.119081155417582,22.47194550613031,35.21351913522782,0.9030899869919436,0.6020599913279624,0.0,0.47712125471966244,4.763128376799137,1.9822712330395684,4.615739688619155,2.255272505103306,144288.33466525612,8070.446530031332
2022-06-16,1.322219294733919,0.3010299956639812,0.9030899869919436,0.9542425094393249,1.7993405494535817,1.6020599913279625,51.25967411220364,140.36698096665603,104.55351026431526,17.068637553779325,22.861140223316948,35.87809477208535,0.3010299956639812,0.0,0.3010299956639812,0.0,4.948559662108962,1.380211241711606,4.534026106056135,3.9800033715837464,157828.0283395633,13383.45768677899
2022-06-17,0.6020599913279624,0.3010299956639812,0.3010299956639812,0.47712125471966244,1.1760912590556813,1.4771212547196626,54.26916110538581,144.8620477758447,100.72498863088802,18.176067433808864,23.159131621430202,40.26562699579371,0.0,0.0,0.6020599913279624,0.0,4.28330122870355,1.2041199826559248,3.7570162347313003,0.3010299956639812,135851.20281793986,14270.452868834098
2022-06-18,0.9542425094393249,0.7781512503836436,0.9542425094393249,0.6020599913279624,1.8750612633917,1.8129133566428557,54.02423074376131,154.2296249165862,100.02996357896652,18.914652182477926,23.71317579171668,41.83120246936452,0.9542425094393249,0.0,0.3010299956639812,0.0,2.7024305364455254,1.2041199826559248,3.892762234615817,2.060697840353612,89701.1038653495,8163.796744315129
2022-06-19,2.584331224367531,0.3010299956639812,1.4471580313422192,0.6020599913279624,3.3246939138617746,2.99563519459755,54.43585268303984,150.1455175128649,103.00262920462141,17.59161691079913,23.89967805923632,40.65775954664741,0.6020599913279624,0.0,0.3010299956639812,0.0,2.505149978319906,2.5843312243675305,4.155943017971837,1.8325089127062362,98885.96623542519,7476.246933371954
2022-06-20,0.7781512503836436,0.0,0.3010299956639812,0.0,0.7781512503836436,0.7781512503836436,51.777752755538955,148.92720343778672,101.58059354815443,21.264568530215556,25.22272634849253,36.449571684822224,0.47712125471966244,0.0,0.0,0.3010299956639812,4.231469590430681,1.806179973983887,4.517565353082339,2.702430536445525,128038.5041626425,6554.241555562786
2022-06-21,2.1072099696478683,0.7781512503836436,1.2041199826559248,0.3010299956639812,2.846337112129805,2.760422483423212,51.79395730819236,148.512563075281,96.86930307325281,18.368290824476134,23.99639183553624,37.90033553722079,0.47712125471966244,0.0,0.0,0.0,3.1583624920952498,1.2041199826559248,4.045322978786658,2.5415792439465807,166057.9206200488,9344.653833373864
2022-06-22,2.6020599913279625,0.0,1.6812412373755872,1.2041199826559248,2.954242509439325,2.6989700043360187,51.34889167312791,147.96419034877508,105.38194352148366,18.110929584332986,24.68861323718815,37.058220080205665,1.6812412373755872,0.0,1.0791812460476247,0.0,2.8987251815894934,2.4683473304121573,4.6259500456839,1.8920946026904804,140200.93928768614,5545.912007173255
2022-06-23,1.0,0.6020599913279624,0.47712125471966244,0.47712125471966244,2.041392685158225,1.954242509439325,53.842697002354534,149.6849492920932,117.92069207205802,17.61836682714748,25.461001988665434,37.43367042761999,0.47712125471966244,0.0,0.0,0.0,3.041392685158225,0.9030899869919435,4.512684396217164,3.13481437032046,120082.492674718,8735.087029548613
2022-06-24,0.9030899869919435,0.0,1.3010299956639813,0.9030899869919435,2.3502480183341627,2.3502480183341627,57.54122496592336,154.55545849794942,115.05069162114714,17.049732244819666,25.74512463381872,40.89045877003236,0.6989700043360189,0.0,0.47712125471966244,0.0,3.9787281771384917,2.401400540781544,3.5289167002776547,0.3010299956639812,122183.43123693732,6434.378734532054
2022-06-25,0.47712125471966244,0.0,0.47712125471966244,0.0,1.380211241711606,1.0791812460476249,56.234117312873565,162.07835550232653,78.89442783462403,18.655222289181047,27.896122755855274,42.248521225720125,0.0,0.3010299956639812,0.0,0.0,2.6020599913279625,0.6989700043360189,4.442087629550761,3.2764618041732443,115646.91727702758,6183.166977391473
2022-06-26,1.0791812460476249,0.3010299956639812,0.7781512503836436,0.3010299956639812,1.5051499783199058,1.5051499783199058,53.74220239103157,155.39718600440125,87.0810670256842,16.620172578734167,25.78122137843571,38.90155446215999,0.3010299956639812,0.0,0.3010299956639812,0.0,2.5211380837040362,1.6232492903979006,5.339419638257755,2.380211241711606,101122.89129766253,4079.021598015788
2022-06-27,1.4471580313422192,0.0,0.6020599913279624,0.6020599913279624,1.9242792860618816,1.9242792860618816,53.60230005217048,143.36147884860966,117.56228352108994,18.325439100027246,25.877297600211826,36.663714759180465,0.0,0.0,0.6020599913279624,0.0,1.0791812460476249,0.0,4.5519376953648365,3.0211892990699383,153519.47799013526,5102.331377989035
2022-06-28,1.4313637641589874,0.3010299956639812,1.7781512503836436,0.9030899869919435,2.949877704036875,2.6020599913279625,51.43849715502537,146.74167345985208,114.81923336056977,18.529346705404386,22.970594010949494,37.675366123769734,0.0,0.0,0.0,0.0,0.0,0.0,4.8390064153113,2.694605198933569,175435.56630216277,4114.846179857102
2022-06-29,0.9542425094393249,0.3010299956639812,0.3010299956639812,0.0,1.6532125137753437,1.6532125137753437,57.24177803332442,151.5503281698812,107.34653228186156,17.58340465487621,24.495962433483896,40.22073357389503,0.0,0.0,0.0,0.0,0.0,0.0,3.48572142648158,1.7323937598229686,133849.87544376124,9393.788334822651
2022-06-30,0.0,0.0,0.0,0.0,0.0,0.0,62.74043023637434,150.61185067453164,109.54526218876836,18.57369007018871,23.61082354681548,39.79857713773126,0.0,0.0,0.0,0.0,2.954242509439325,1.041392685158225,4.866688949589185,1.792391689498254,126508.82490278788,11389.183265447806
2022-07-01,0.7781512503836436,0.3010299956639812,1.0,0.6020599913279624,1.6020599913279625,1.6020599913279625,60.35828341662687,150.76735294265094,96.65251465832299,20.7516697623593,25.029346300639137,41.85109727141972,0.0,0.0,0.0,0.0,2.90848501887865,0.6020599913279624,4.639964348640366,2.6646419755561253,117732.71322013943,7659.026296498573
2022-07-02,1.2041199826559248,0.3010299956639812,1.0791812460476249,0.9030899869919435,2.9822712330395684,2.6232492903979003,58.55961070676824,161.66093717051945,94.50893342215758,20.053280214850208,25.115638370853095,43.08504499323148,0.47712125471966244,0.0,0.3010299956639812,0.0,3.1205739312058496,0.47712125471966244,4.761867724297392,1.1139433523068367,100811.54530501917,4354.355996681466
2022-07-03,1.698970004336019,0.6989700043360189,1.6812412373755872,0.7781512503836436,3.635483746814912,3.7024305364455254,58.555165624114586,156.01447129112336,99.1881502967149,19.43040798572298,24.826416067089376,39.9263909170751,0.0,0.0,1.806179973983887,0.0,3.2073650374690716,1.8061799739838873,4.077440584471324,2.03342375548695,127275.8731528963,4651.619009544202
2022-07-04,3.225309281725863,1.0791812460476249,1.505149978319906,1.8061799739838873,3.718999637878718,3.6646419755561253,57.65385586495215,147.5130478694935,107.61938801463765,18.099021794891446,24.547169508232756,38.15681300037821,0.6020599913279624,0.3010299956639812,0.9542425094393249,0.0,1.7323937598229686,1.716003343634799,4.013005850015737,1.3979400086720377,124405.27993319636,10443.94836696016
2022-07-05,1.9030899869919435,0.6020599913279624,1.2041199826559248,0.47712125471966244,3.7116385382323487,3.4629966120280558,54.5750795540743,146.63714626343562,99.63016395089755,18.860453226820177,22.21617391792826,38.058567660432594,0.0,0.0,1.0791812460476249,0.0,3.543819805142658,0.8450980400142568,4.779538773870285,1.6127838567197355,129927.76892545565,8883.383507889921
2022-07-06,2.635483746814912,0.3010299956639812,1.8573324964312685,2.1583624920952498,3.531478917042255,3.589726256254237,52.761490074509624,150.12715905391943,103.14407329122784,17.63881403047861,24.556596027598175,38.361398493182534,0.0,0.0,0.0,0.0,0.0,0.0,4.296665190261531,1.6434526764861874,137137.988502578,4871.101085406443
2022-07-07,1.806179973983887,0.0,1.0791812460476249,0.47712125471966244,2.8273692730538253,2.7604224834232123,51.9976542080591,142.10313471300574,97.33418208912428,18.333553444540403,23.32314732444422,37.471891238794626,0.0,0.0,1.5563025007672873,0.0,2.760422483423212,0.7781512503836436,4.794348603896083,2.929418925714293,149848.74455020425,8299.082706923837
2022-07-08,0.6020599913279624,0.6020599913279624,0.7781512503836436,0.0,1.380211241711606,1.4771212547196626,51.77929338612982,154.09232355476732,100.46827967456717,16.565883224108454,23.2000510833017,41.002811570046305,0.3010299956639812,0.0,0.7781512503836436,0.0,2.7535830588929064,1.5563025007672873,4.28616444665352,0.7781512503836436,133999.97632431332,8037.936523856044
2022-07-09,1.0,0.3010299956639812,0.7781512503836436,0.6020599913279624,2.0334237554869494,2.1205739312058496,57.206977719349226,166.69656550332584,86.07432876405318,16.877685105688574,24.515010131548546,42.93942737817002,0.3010299956639812,0.0,0.0,0.0,2.4593924877592306,1.2041199826559248,4.114210528249993,4.397018327042309,95140.09109260501,5762.426182220799
2022-07-10,0.47712125471966244,0.0,0.47712125471966244,0.3010299956639812,0.7781512503836436,0.6020599913279624,51.75285726894006,151.69042519709822,98.07839611916171,19.6088546540267,23.838044802273686,41.777931217514634,0.9542425094393249,0.0,0.6020599913279624,0.0,3.03342375548695,1.380211241711606,4.507518555576425,3.1473671077937864,87899.06903880014,2788.1616741918374
2022-07-11,1.0791812460476249,0.3010299956639812,0.7781512503836436,0.7781512503836436,2.079181246047625,1.7781512503836436,55.07219483102729,150.06028138389968,104.85953036586379,18.170938275599614,24.421936332583414,38.7572885320963,1.2041199826559248,0.3010299956639812,0.9542425094393249,0.0,2.204119982655925,1.0791812460476249,4.391146906415991,3.3615389712692787,121617.38420310558,5081.674113913705
2022-07-12,0.3010299956639812,0.0,0.0,0.3010299956639812,0.6020599913279624,0.3010299956639812,56.95722609745434,150.9850104193079,101.08059807991835,17.380934785527053,23.68489908241838,37.6585746361528,0.0,0.0,0.6989700043360189,0.0,2.4313637641589874,0.0,4.612253906096438,2.635483746814912,127567.30434385953,4819.488294472067
2022-07-13,0.0,0.0,0.0,0.0,0.0,0.0,55.10628794457342,148.10258556989035,98.63926080284818,19.21091196791976,22.849357695012415,36.76528542928037,0.0,0.3010299956639812,0.0,0.0,1.3010299956639813,0.47712125471966244,5.079918919821658,3.632457292184724,140288.22764482844,6184.167342868169
2022-07-14,0.6020599913279624,0.0,0.3010299956639812,0.0,0.6020599913279624,0.47712125471966244,57.194218808132206,151.6224438250626,110.17674037719922,19.538190719090725,22.37308807802819,37.590544126543044,0.6020599913279624,0.47712125471966244,2.1072099696478683,0.0,4.163757523981956,1.5563025007672873,5.536214911102004,5.977338512550148,137447.12649431848,5579.796418226573
2022-07-15,1.0,0.0,0.0,0.3010299956639812,2.1205739312058496,2.0791812460476247,59.31306938710604,160.1682015850782,102.1051908661277,18.139266648764554,23.910671110243474,41.48111333024583,0.3010299956639812,0.3010299956639812,0.3010299956639812,0.0,6.603142639770912,0.9542425094393249,4.015694988526518,1.934498451243568,113496.90344999875,3356.294915205703
2022-07-16,0.3010299956639812,0.0,0.3010299956639812,0.0,0.9542425094393249,0.7781512503836436,53.175661592897896,160.91273700795634,89.99196104235034,20.31012297094846,23.40067095326008,40.75719663465398,0.0,0.0,0.3010299956639812,0.0,3.6953941082911097,0.3010299956639812,5.17539583139403,1.7242758696007892,79640.65836240277,1454.0934923965856
2022-07-17,0.0,0.0,1.0791812460476249,0.3010299956639812,1.2041199826559248,0.6989700043360189,53.85345325608446,153.84414389840865,100.79753493210207,18.5927237348438,24.994596123441482,39.43249463105007,0.0,0.6989700043360189,2.2648178230095364,0.0,2.8785217955012063,1.255272505103306,4.7211838561385795,2.936513742478893,77238.50319881676,1583.976087157107
2022-07-18,0.9030899869919436,0.0,1.0791812460476247,0.3010299956639812,1.845098040014257,1.5440680443502757,53.87370905313167,148.92441651187238,116.37014562016438,18.416737481278055,22.7803505351256,37.19178585673131,0.0,0.0,1.3010299956639813,0.0,2.380211241711606,1.0791812460476249,4.5929313961294485,3.9973863843973136,120304.78889224213,3024.5304002318435
2022-07-19,1.6020599913279625,0.3010299956639812,1.6020599913279625,0.9030899869919436,2.6812412373755876,2.6589648426644352,55.59013618274488,146.77822397658088,114.86624666422877,17.682957446678387,22.779915505718947,37.973685578097566,0.0,0.0,0.6020599913279624,0.0,1.0791812460476249,0.3010299956639812,4.084576277934331,2.1789769472931693,127775.88821595992,4075.1095873045047
2022-07-20,2.1583624920952498,0.47712125471966244,2.1583624920952498,0.47712125471966244,2.7259116322950483,2.6190933306267428,55.14225781941095,145.00343904564573,113.87151537741653,17.508585287481335,23.598215876613946,36.244309176879796,0.6020599913279624,0.0,0.3010299956639812,0.0,2.963787827345555,0.0,5.0079183906455995,3.131297796597623,119269.82906165326,6355.938751316652
2022-07-21,0.9542425094393249,0.0,1.1760912590556813,0.6020599913279624,1.7323937598229686,1.9030899869919435,55.14568933575074,150.993763843372,112.36750544836903,18.72390951254183,23.407804665296194,38.67347610582493,0.3010299956639812,0.0,0.0,0.0,1.7481880270062005,1.8195439355418686,4.923119620534643,3.9781348473982896,114853.4412885048,5552.272547512546
2022-07-22,1.2041199826559248,0.3010299956639812,1.380211241711606,0.6020599913279624,2.593286067020457,2.526339277389844,61.80464074422413,155.16090306451238,109.69952973095332,21.326741919248523,26.8521768074151,44.29470712420236,0.9030899869919435,0.0,0.6989700043360189,0.0,2.4313637641589874,1.7323937598229684,4.548696448532347,0.0,105911.92056656242,12454.145503708383
2022-07-23,1.6812412373755874,0.3010299956639812,1.7160033436347992,0.6020599913279624,2.03342375548695,2.1398790864012365,60.020618644162425,159.99616430606847,95.80116532704648,19.699670476417815,24.923030223733498,44.9910270159593,0.0,0.0,0.0,0.0,0.3010299956639812,0.0,4.319730494330225,3.401400540781544,89011.3912648227,8475.109518929616
2022-07-24,0.6020599913279624,0.3010299956639812,0.7781512503836436,0.3010299956639812,1.0791812460476249,1.1461280356782382,56.35716202301909,155.8336724868621,100.94621964516782,19.040657786189886,25.80711690799005,41.78561517942674,0.0,0.0,0.9030899869919435,0.0,2.885361220031512,1.255272505103306,5.062604544394496,3.579897869603104,92837.84919788268,3565.4433617078466
2022-07-25,2.1205739312058496,0.3010299956639812,2.1583624920952498,1.0,2.7075701760979363,2.6074550232146687,54.73599838864098,148.18869036636957,115.9098485238843,15.146538377632826,24.42801746545561,37.631784494020835,0.0,0.3010299956639812,0.6020599913279624,0.0,3.7055216134226674,2.100370545117563,4.964843954797876,1.5797835966168101,124010.44214150507,7595.219827774467
2022-07-26,1.9956351945975497,0.3010299956639812,1.7481880270062005,0.47712125471966244,2.6646419755561253,2.795184589682424,57.267723313789084,147.73209512258157,116.51145148975795,18.394358574030377,24.737938131733664,37.194850156616425,0.7781512503836436,0.0,2.7558748556724915,0.0,4.237543738142874,1.4771212547196626,4.672467313068082,0.3010299956639812,93947.37062155751,4831.151738107697
2022-07-27,2.90848501887865,0.3010299956639812,2.2833012287035497,0.9030899869919436,3.7993405494535817,3.7804613328617176,60.99916456221432,154.56144975784332,107.01722016487322,16.325564012143783,23.39868847621863,39.868400344243305,0.6020599913279624,0.0,0.9542425094393249,0.0,4.4446692309385245,1.4471580313422192,5.1022793081628866,4.158844773634988,97469.7315147193,7167.45097960913
2022-07-28,1.954242509439325,0.0,1.9242792860618816,0.7781512503836436,2.6702458530741238,2.505149978319906,59.60962417847337,153.50671904637028,100.19086376982011,18.217985323322917,22.858594788344764,38.62695779438916,0.0,0.0,0.0,0.0,0.3010299956639812,0.6020599913279624,5.370016892648432,5.503147614727911,95069.0626439504,8017.995449397014
2022-07-29,1.9030899869919438,0.0,1.4471580313422192,0.7781512503836436,2.9030899869919438,2.526339277389844,60.50855448830336,162.70465635751106,98.79186101201014,21.48697270070705,24.64882677970082,41.823260794649755,0.0,0.0,0.0,0.0,0.0,0.0,4.800936918571516,3.4235735197327353,153763.3022545219,5639.023537721193
2022-07-30,1.380211241711606,0.6989700043360189,1.4771212547196624,0.7781512503836436,2.416640507338281,2.4014005407815437,67.68306940006194,169.4565472135474,92.70079822315951,21.73134373802921,25.92005589291147,45.09088263200675,0.3010299956639812,0.0,0.3010299956639812,0.0,3.751279103983342,0.9542425094393249,4.601625479553944,3.3170181010481117,150917.5808848804,2871.362833449682
2022-07-31,0.0,0.0,0.0,0.0,0.0,0.0,64.28107343200443,164.5395371823438,100.07281232306815,17.62984713166812,25.350292431276888,40.77049062943617,1.0791812460476249,0.0,0.0,0.0,3.5774917998372255,1.1760912590556813,4.783117137490467,2.8785217955012063,129145.66396815953,1655.3062297241538
2022-08-01,1.4471580313422192,0.3010299956639812,0.8450980400142568,0.3010299956639812,2.0170333392987803,2.079181246047625,62.86886676073978,152.55905960375952,107.33617991385464,18.129430272770975,23.624993940645396,39.44749192518417,0.6020599913279624,0.0,0.3010299956639812,0.0,3.5877109650189114,1.380211241711606,4.435270871610571,1.6232492903979003,108358.0189081817,8582.67768562225
2022-08-02,1.2041199826559248,0.6020599913279624,1.1760912590556813,0.9030899869919435,1.7481880270062005,1.7781512503836436,60.273679646582735,158.62365868720926,105.33704926223108,18.35624211091919,24.53721365296694,37.145994589194025,0.0,0.0,0.0,0.0,0.47712125471966244,0.0,5.176438555741044,0.9542425094393249,101882.52077195088,8569.9422986476
2022-08-03,1.6532125137753437,0.3010299956639812,1.845098040014257,0.3010299956639812,3.0034605321095067,2.846337112129805,63.27054827238397,152.51223915444467,109.96145737663191,18.0837541298766,25.94200987696167,38.53424363220904,0.0,0.0,0.0,0.0,0.0,0.0,6.262280186147755,4.211013690603825,104284.84869936132,6294.064590830236
2022-08-04,0.0,0.0,0.0,0.0,0.0,0.0,57.88435816181548,162.42109895253373,111.5223507504845,16.910439025716983,23.596277292631417,39.35322768260601,0.47712125471966244,0.0,1.7634279935629373,0.0,3.7024305364455254,1.146128035678238,5.273473527599597,4.144885418287142,133858.94346627165,5087.71543041006
2022-08-05,1.5440680443502757,0.47712125471966244,1.0,0.7781512503836436,3.5870371177434555,3.100370545117563,59.311229050297776,152.04975167797218,113.3844579770795,20.97775868017048,25.385355004235404,41.02344528684576,0.0,0.0,0.0,0.0,0.0,0.0,5.327963460116175,0.3010299956639812,111880.39073831875,3709.193241227098
2022-08-06,1.7481880270062002,1.0791812460476247,1.1461280356782382,0.6020599913279624,2.383815365980431,2.255272505103306,60.34748224465788,165.06155511772235,100.89966905814973,21.734464206812824,26.73765397474741,43.55427017948165,0.7781512503836436,0.0,1.5314789170422551,0.3010299956639812,2.653212513775344,0.9542425094393249,4.908956588867328,1.3010299956639813,84521.9526607269,3394.5571858507396
2022-08-07,1.4771212547196626,0.7781512503836436,0.6020599913279624,0.9030899869919435,2.2833012287035497,2.2552725051033065,59.7709440468309,158.51740003422967,101.8770223144688,19.239559644813838,25.63374759909501,38.387410065141395,1.0791812460476249,0.3010299956639812,1.662757831681574,0.0,3.413634997198556,2.225309281725863,4.838849090737256,2.173186268412274,83953.51526366305,3952.4013109458674
2022-08-08,0.9030899869919435,0.3010299956639812,0.7781512503836436,0.47712125471966244,2.421603926869831,1.9444826721501685,59.06984531644426,149.85988183728625,103.28161851041207,18.56542279919011,23.05718325371134,38.84771186265287,0.9030899869919435,0.0,1.2041199826559248,0.0,2.03342375548695,1.8750612633917,5.567731962548069,4.324693913861775,119774.45399013218,6785.245307645148
2022-08-09,1.6232492903979003,0.0,1.3802112417116061,0.9030899869919436,2.722633922533812,2.5314789170422554,57.461167838598286,149.001710159031,104.97673542360175,17.65015955539063,23.01238710277426,39.16822632017993,0.0,0.0,0.0,0.0,0.0,0.0,4.789933080931751,0.9542425094393249,101241.49048892496,4643.818071453552
2022-08-10,1.255272505103306,0.47712125471966244,1.0791812460476249,0.3010299956639812,3.146128035678238,2.4563660331290427,56.35709995283183,149.33703492570908,107.42874282695419,18.63585092260384,23.43897923632636,36.177003238156296,1.6812412373755872,0.0,0.0,0.0,1.9030899869919435,0.6020599913279624,5.199755177253475,4.06039561731991,108175.4348953861,4902.655871907081
2022-08-11,1.0791812460476249,0.6020599913279624,0.7781512503836436,1.0791812460476249,2.03342375548695,2.03342375548695,53.730171127284976,145.88732898700314,99.09002578270537,20.406013674236263,21.99157420912522,38.58735864587403,1.591064607026499,0.0,0.6020599913279624,0.0,2.1583624920952498,0.6020599913279624,4.803238547711287,1.041392685158225,113316.17541679801,6513.204359429763
2022-08-12,2.0492180226701815,0.9030899869919435,1.954242509439325,0.9030899869919435,3.1360860973840974,3.1583624920952498,55.323636735917674,154.53296909086527,96.10161900763077,19.78295864107577,24.466451852096878,45.27233856443919,0.0,0.0,0.0,0.0,0.6020599913279624,0.0,4.838244434208112,1.0791812460476249,104649.57557977052,5948.763149484262
2022-08-13,1.7481880270062005,0.3010299956639812,1.3010299956639813,0.3010299956639812,2.959994838328416,2.447158031342219,53.75982009856405,159.64188434580265,96.70712402857444,20.921264885384247,23.381758284174087,44.32949341568954,0.0,0.0,0.0,0.3010299956639812,0.0,0.0,4.8035663583812,2.77232170672292,75862.55636731318,2336.3287863775613
2022-08-14,1.255272505103306,0.9030899869919435,1.1760912590556813,0.0,1.8195439355418686,1.7481880270062002,57.68291033862602,153.333021642448,101.7242224563597,19.455044442478922,26.371241009467404,40.61821168966114,0.0,0.0,0.7781512503836436,0.0,3.620760489994206,0.9542425094393249,4.4611982886224935,1.9444826721501687,69891.18277249597,1525.6284177171954
2022-08-15,1.255272505103306,0.6020599913279624,1.380211241711606,0.7781512503836436,2.401400540781544,2.3802112417116064,55.88078639523441,148.48590102987214,103.56317908021175,16.722241892695187,25.379511259409337,40.12532890580789,0.6020599913279624,0.0,0.3010299956639812,0.0,2.9656719712201065,1.5563025007672873,5.000715995361275,2.334453751150931,85394.27229700296,4480.982418755336
2022-08-16,2.936513742478893,0.7781512503836436,1.380211241711606,0.7781512503836436,3.631849462159818,3.652052848248105,53.74321850989523,151.97511958776423,112.68777018694233,18.943002835858056,23.773808821841993,39.177823251458506,0.0,0.0,0.7781512503836436,0.0,3.4874212113594742,1.0,4.775391971696612,2.0492180226701815,104538.63388377315,4101.000134930688
2022-08-17,2.255272505103306,0.9542425094393249,1.9822712330395684,0.7781512503836436,3.236789099409293,3.146128035678238,55.06080895838067,149.5753230642146,116.68419009147773,17.083315034747443,25.51919516426495,38.5552793077017,0.0,0.47712125471966244,1.8195439355418686,0.0,3.7604224834232123,1.7781512503836436,4.468435952896273,3.6106601630898796,106760.369194905,5160.2048111499
2022-08-18,1.2041199826559248,0.3010299956639812,0.6020599913279624,0.0,2.2900346113625183,2.342422680822206,55.100031777487075,155.75303762449394,111.20955780331161,18.93288967954945,23.289928513057582,39.3935053108871,0.47712125471966244,0.0,1.6532125137753437,0.0,3.7265642161622448,0.7781512503836436,5.154968401958793,4.155943017971837,148711.16332833222,8327.44159059053
2022-08-19,1.2041199826559248,0.3010299956639812,0.7781512503836436,0.6020599913279624,2.2095150145426308,2.2174839442139063,57.4181088171748,138.87144633179295,111.31938340517351,21.258556130496533,25.00702205168064,41.65985244249242,1.0,0.0,0.6020599913279624,0.0,3.0704073217401198,0.6989700043360189,3.8335295817586434,1.1760912590556813,120717.4593480547,7350.312061944592
2022-08-20,1.380211241711606,0.3010299956639812,0.7781512503836436,0.7781512503836436,2.255272505103306,2.0791812460476247,55.9467917824869,129.78930549522585,108.07153341713078,18.81554651609548,25.180047576421615,46.48947031212414,0.0,0.0,0.0,0.0,3.7075701760979367,0.9542425094393249,4.355643050220869,2.4563660331290427,75145.98639058974,4353.484597560496
2022-08-21,0.9030899869919436,0.0,0.9030899869919436,0.6020599913279624,1.4771212547196626,1.3010299956639813,57.85644150189587,161.25238078233323,112.56795407367844,16.7934674098859,25.718723283207513,39.524397311498916,0.0,0.0,0.0,0.0,4.015694988526518,1.5563025007672873,4.647236224216314,0.6020599913279624,75006.1588547019,2825.778374209377
2022-08-22,2.9498777040368744,0.6020599913279624,1.322219294733919,1.0791812460476249,4.6132073521037595,4.309630167425899,53.81237030934413,150.5923407070856,128.72648302632513,17.773998411734702,23.406583277348595,41.70384801182194,0.47712125471966244,0.0,0.0,0.0,2.380211241711606,1.5563025007672873,4.601364563666311,0.7781512503836436,116659.02100156515,5124.136395042178
2022-08-23,1.380211241711606,0.3010299956639812,0.7781512503836436,0.9030899869919436,2.3802112417116064,2.4771212547196626,50.99471576838903,153.93504850942975,118.11597673861624,16.21987788185057,21.549865174492254,38.086912474083306,0.3010299956639812,0.3010299956639812,0.47712125471966244,0.0,2.3222192947339195,2.3344537511509307,4.6858312746260635,1.568201724066995,113140.22846352286,10678.23549173729
2022-08-24,1.3222192947339193,0.3010299956639812,0.3010299956639812,0.0,2.383815365980431,2.1931245983544616,53.83450469907448,149.5387993193394,116.61158295955923,17.67479598670686,23.621956801737845,38.367553536029995,0.0,1.0,0.6020599913279624,0.0,3.8281441073037863,1.380211241711606,6.3067766101144,3.620760489994206,153521.54941596312,16495.191189144447
2022-08-25,1.8864907251724818,0.0,1.0791812460476249,0.6020599913279624,2.1760912590556813,2.079181246047625,54.57921017615448,149.84120216772754,121.22790985532819,18.163270887673164,22.69862874058309,36.99869613218689,0.47712125471966244,0.0,0.6020599913279624,0.0,4.24293877002958,1.380211241711606,5.821768920639069,3.8420472885096384,131883.45113436895,11267.77794228128
2022-08-26,1.6232492903979006,0.3010299956639812,1.2041199826559248,0.47712125471966244,2.591064607026499,2.5185139398778875,59.536276335184596,153.85677166488904,112.431271959948,22.64275434015265,24.339001640733596,41.58584924812914,0.0,0.0,0.0,0.0,4.821768920639068,0.6020599913279624,4.818832689757001,2.3138672203691533,105830.1327047804,5331.11323913353
2022-08-27,1.3010299956639813,0.6020599913279624,0.7781512503836436,0.6020599913279624,2.187520720836463,2.041392685158225,56.25189238450699,165.71259845346918,106.96807903248546,20.280119642504836,25.088045087726236,43.52912995310806,0.3010299956639812,0.0,0.0,0.0,4.2006316548101035,1.3010299956639813,4.499274581892218,1.7403626894942439,70075.1138259367,2165.5538276288853
2022-08-28,1.505149978319906,0.3010299956639812,0.47712125471966244,0.3010299956639812,2.6866362692622934,2.0492180226701815,54.364583089575646,163.4005349974708,113.00379199942569,17.980751385412333,23.548499420710314,40.29332085011116,0.0,0.0,0.0,0.0,0.0,0.0,5.159374665476105,1.5185139398778873,61547.55643386864,2005.6909792634108
2022-08-29,1.7481880270062005,0.47712125471966244,1.6020599913279625,0.6020599913279624,2.597695185925512,2.6020599913279625,55.16959531822356,145.35755711330887,125.92350484038562,19.032110236473283,22.125327652297543,38.95053030625162,1.1760912590556813,0.3010299956639812,0.7781512503836436,0.0,4.03342375548695,2.1673173347481764,4.6148972160331345,1.7075701760979363,117869.35815544808,4048.2533619401765
2022-08-30,2.0,0.47712125471966244,1.4771212547196624,0.6020599913279624,3.1997551772534747,2.9020028913507296,52.34870446426595,148.22308297051111,128.14707902429677,17.197688953606228,21.277462959747652,37.956093177841,0.47712125471966244,0.0,0.7781512503836436,0.0,3.5563025007672873,2.100370545117563,4.955687750313506,1.6232492903979006,132422.60720768926,5210.286302336938
2022-08-31,2.146128035678238,1.0791812460476247,1.0791812460476247,0.7781512503836436,2.725911632295048,2.681241237375587,56.85713705336947,155.36735817272924,123.77045006860547,15.778208433003218,22.473190190482093,36.90921788711742,1.2041199826559248,0.47712125471966244,1.5797835966168101,0.0,2.401400540781544,1.505149978319906,5.197181279468905,4.867420343429793,91921.05716014413,5107.32725736854
